task	model	status	score	p0	p1	decision	file
TASK-040	opus	SUCCESS	6.5/10	1	2	KEEP_CONDITIONANow let me verify the current state of the implementation directly:	.automation/review-rerun-workspace-only/results/result-TASK-040-opus.md
TASK-040	glm	SUCCESS	8.5/10	0	1	KEEP_CONDITIONAL	.automation/review-rerun-workspace-only/results/result-TASK-040-glm.md
TASK-040	codex	SUCCESS	8.4/10	0	2	KEEP_CONDITIONAL	.automation/review-rerun-workspace-only/results/result-TASK-040-codex.md
TASK-042b	opus	SUCCESS	7.5/10	0	2	KEEP_CONDITIONAL	.automation/review-rerun-workspace-only/results/result-TASK-042b-opus.md
TASK-042b	glm	SUCCESS	8.85/10	0	1	KEEP_CONDITIONAL	.automation/review-rerun-workspace-only/results/result-TASK-042b-glm.md
TASK-042b	codex	SUCCESS	8.8/10	0	1	KEEP_CONDITIONAL	.automation/review-rerun-workspace-only/results/result-TASK-042b-codex.md
TASK-042c	opus	FAIL					.automation/review-rerun-workspace-only/results/result-TASK-042c-opus.md
TASK-042c	glm	SUCCESS	7/10	0	2	KEEP_CONDITIONAL	.automation/review-rerun-workspace-only/results/result-TASK-042c-glm.md
TASK-042c	codex	SUCCESS	7/10	0	2	KEEP_CONDITIONAL	.automation/review-rerun-workspace-only/results/result-TASK-042c-codex.md
TASK-042	opus	FAIL					.automation/review-rerun-workspace-only/results/result-TASK-042-opus.md
TASK-042	glm	FAIL					.automation/review-rerun-workspace-only/results/result-TASK-042-glm.md
TASK-042	codex	SUCCESS	6/10	1	2	KEEP_CONDITIONAL	.automation/review-rerun-workspace-only/results/result-TASK-042-codex.md
